{
  "Epoch": [0, 1, 2, 3],
  "Train_Loss": [
    0.01845677973201324, 0.011298707790731277, 0.004991487904101461,
    0.0023264695784717872
  ],
  "Train_Accuracy": [
    0.6781584582441114, 0.8503211991434689, 0.9449678800856531,
    0.9765881513204854
  ],
  "Train_Precision": [
    0.6782918787350651, 0.8502954004864796, 0.9449471944681891,
    0.9765699972940893
  ],
  "Train_Recall": [
    0.6778811934435882, 0.8503310635881335, 0.9449990235949239,
    0.9766091621384577
  ],
  "Train_F1": [
    0.6778507375782762, 0.8503072998767591, 0.9449633575385061,
    0.9765856777157395
  ],
  "Test_Loss": [
    0.016667661252036763, 0.01111131665742707, 0.010619418302621631,
    0.012160221863162627
  ],
  "Test_Accuracy": [
    0.7422209534684556, 0.848986582928918, 0.8892377961747074,
    0.8875249785897802
  ],
  "Test_Precision": [
    0.765423343185361, 0.8567346748834952, 0.8961688868579906,
    0.9000275182560138
  ],
  "Test_Recall": [
    0.7403701638906005, 0.8498925761828846, 0.8900622373495821,
    0.8886225299857529
  ],
  "Test_F1": [
    0.7354603325854289, 0.8483776226351026, 0.8888863818446395,
    0.8868275078505112
  ]
}
